{
    "loss": 1.2697999477386475,
    "accuracy": 0.4991735517978668
}