{
    "loss": 1.189477562904358,
    "accuracy": 0.4644628167152405
}